id;nombre;apellido;nro_documento;telefono;email;direccion;ciudad;provincia;pais;activo;fecha_alta;created_date;last_modified_date
1;gee whose;outlandish yesterday likewise;"8846508";"232973235801";"IMsXW.@wu.fpSadiJ";eek while;until finally inventory;recklessly damaged;brand blah;false;2026-03-25T09:37:48;2026-03-25T06:07:31;2026-03-25T04:00:42
2;surprised;near;"074427570";" +11714+0";"H@XquUJ.ziWInen";between who violently;bore informal mismatch;quick-witted;restfully needily glorious;true;2026-03-25T01:02:20;2026-03-25T15:53:44;2026-03-25T07:36:38
3;lasting yippee via;even;"13676993593";"2811618047 34";"GecH@Qk.crOx";meal illusion acquaintance;brush loose fatherly;aircraft once oh;yahoo;true;2026-03-25T15:21:26;2026-03-25T18:45:01;2026-03-25T19:27:14
4;searchingly;indeed;"75782305777";"99933160-04-";"5qxLz@QXjTPJ.PzuL";gloomy vice developmental;before;vice joshingly surprisingly;once breastplate;false;2026-03-25T11:48:11;2026-03-25T10:21:59;2026-03-25T18:20:09
5;yippee secret;trash yowza;"7887578";"-545841-197973435";"OIwwYk@9i2mXl.CMvX";kookily hidden blah;yahoo huzzah;packaging;extract;false;2026-03-25T07:06:02;2026-03-25T12:43:03;2026-03-25T18:25:35
6;indeed;incidentally license little;"192496346";"2+0 7+";"v-rK@iU3.QP";than dusk vice;during whether popularize;to;extent wildly;true;2026-03-25T07:18:55;2026-03-25T01:50:41;2026-03-25T14:39:21
7;fledgling;consequently large while;"8153655432";"84+2576430+5-7";"gDQYl@.3P5.PjZxwxD";airman all;gazebo;tensely duh;yet;true;2026-03-25T11:15:05;2026-03-24T23:42:17;2026-03-24T22:49:12
8;per;helplessly inhibit orange;"579478950";"1853243837";"OqG@Sj-PL.GE";defrag actually through;cooperative;graffiti;however mid quixotic;false;2026-03-25T06:19:49;2026-03-24T21:07:56;2026-03-24T20:13:37
9;what happy-go-lucky even;caring into because;"7164172";" 0 + 0 -0+-939";"EQq@9.YofS";zowie;but;superior tough;consequently;true;2026-03-25T16:18:08;2026-03-25T16:04:28;2026-03-25T18:47:15
10;knavishly;gently dutiful;"99578183517";"48-+20 4465";"qS@5VF.iXG";kindheartedly gosh formal;apropos whoa down;stained;guidance;false;2026-03-24T23:31:34;2026-03-25T00:30:19;2026-03-25T18:35:43
11;including er goodwill;remand sensitize;"535546108";"8194- 55831022 8";"9+-h-X@uq.LKyIaB";uselessly prime distant;inhibit cheese;oily;vacantly;true;2026-03-25T17:03:45;2026-03-24T23:20:03;2026-03-24T21:10:59
12;ack contractor ack;grubby carefully completion;"18373290";"6405-98292+1359";"rayM@dZ.dO";diligently;reproachfully;consequently around;yet graft;true;2026-03-25T08:58:35;2026-03-25T11:33:05;2026-03-25T08:04:37
13;er eek;plump;"8641147";"48-751 +74";"6W@lO.LblZ";sweetly uselessly coarse;ew;but;unimpressively scale;false;2026-03-25T14:20:07;2026-03-25T10:33:54;2026-03-25T05:53:46
14;caption rudely plain;unfortunately towards;"51784288518";"89562473133--9607 ";"-%E@j.oHaRFY";amid;whenever;if detain than;yesterday;true;2026-03-25T05:29:21;2026-03-25T01:04:42;2026-03-25T07:52:04
15;till warlike;spirit frightfully violin;"72276057696";"7-9798182090-";"u@L.jdv";some if;season inasmuch;during;onset;true;2026-03-25T13:28:53;2026-03-25T06:31:56;2026-03-24T20:31:41
16;during from;carefully;"950558349";"5+901-4";"2P@1o2DZ.tsVlb";apologise eek grandson;gadzooks what;save;unnecessarily;false;2026-03-24T21:49:29;2026-03-25T09:50:51;2026-03-25T13:56:56
17;volleyball;grimy poetry times;"9385224306";" 346++38";"XCy@SJ.UEHV";who;wholly unwilling jeopardise;come e-mail;abscond;false;2026-03-25T02:07:13;2026-03-25T01:58:29;2026-03-24T20:18:42
18;meanwhile boo although;phooey fraternise less;"1975939635";" 193136882 026";"u6@sdinf.AHAfH";yum qua;brook jungle;ha;how;false;2026-03-25T07:36:40;2026-03-24T22:55:38;2026-03-24T23:14:04
19;unnaturally median although;duh;"1895046484";"+108 83-93-8256-+";"Y@f.IO";ick;under hmph violently;concerning until openly;ring loyally;false;2026-03-25T15:01:56;2026-03-24T22:02:51;2026-03-25T17:20:08
20;incidentally;agreement;"4440830";"08024370 ";"k@W-r.vyaza";up wetly;beside without knowingly;even;as;true;2026-03-24T20:11:02;2026-03-25T04:40:41;2026-03-25T10:17:12
21;showboat;since;"7142234";"801-2947459+92036";"dXR@3s.TLOTwH";humidity;but;merrily imagineer aw;blowgun badly;true;2026-03-25T03:20:57;2026-03-25T17:37:14;2026-03-25T10:56:42
22;necessary wriggler hungrily;yearningly;"735634093";"327960";"cvYB3@-.pXND";willfully developing between;reorient yet;entrench;since essence;true;2026-03-25T13:24:17;2026-03-24T22:32:05;2026-03-24T20:24:04
23;which up alongside;detective lest halt;"24333188033";"+33075";"5@0LxLjI.QHF";bookend amongst;darling mockingly;personalise illusion;whose phew;false;2026-03-24T21:22:59;2026-03-25T08:48:04;2026-03-25T12:38:20
24;impact oh crazy;potentially account;"057248423";"03  -1054+5";"JxAb-@Rvg.lPIQz";ugh via passionate;zowie violently ugh;impossible blindly psst;unhappy upward;true;2026-03-25T00:42:08;2026-03-25T10:50:06;2026-03-25T07:38:54
25;likewise;rightfully gosh;"183108305";" 70496+899--1938";"90I@5m.mClIlC";ew coolly whenever;barring bliss;brr;splurge;false;2026-03-25T15:19:35;2026-03-25T16:29:13;2026-03-24T20:22:15
26;finally daintily;artistic briefly optimal;"98499207";"643628+";"eefO7U@xN8JB.GdZR";redraw ick;frightened anenst haze;brightly sweatshop;underpants cruelly;false;2026-03-24T23:27:00;2026-03-25T00:35:24;2026-03-25T00:26:57
27;whereas nor;boring;"734060835";"4116957-593-9643-9";"48bDY@V9.mUMYZj";precious;scheme huff after;league;once fatally;false;2026-03-25T17:22:04;2026-03-25T03:05:31;2026-03-25T12:09:14
28;absent;about;"851112640";"4 +6-+";"O@FGi.GrbdsXH";creaking;majestically gosh;however;along colorfully;false;2026-03-25T01:58:07;2026-03-25T18:21:20;2026-03-25T01:39:16
29;graft;than during anenst;"70533822";"+5 301";"JJy@9.AJtY";wherever athwart;exactly whispered;whoa respectful tinderbox;because;false;2026-03-25T05:44:29;2026-03-25T05:24:47;2026-03-25T17:00:53
30;unaccountably wherever;than huzzah although;"3293486";"97+32-66+5764+98";"I@GO.UpKssu";keenly repeat downshift;considering forgery thread;past;unscramble doubtfully;true;2026-03-24T23:09:50;2026-03-25T03:47:42;2026-03-25T01:19:56
