id;nombre;pais_origen;created_date;last_modified_date
1;fooey at;gah;2026-03-25T16:45:42;2026-03-25T01:50:49
2;mechanic;until buzzing;2026-03-25T07:39:25;2026-03-24T22:25:17
3;uncover;best;2026-03-25T01:42:18;2026-03-25T10:23:09
4;tremendously on;whereas till;2026-03-25T11:46:20;2026-03-25T19:24:55
5;trust vice likewise;underneath sweetly cheap;2026-03-25T19:19:27;2026-03-25T08:22:44
6;truthfully terribly yet;pfft daily rationalise;2026-03-25T18:34:21;2026-03-24T21:27:24
7;redraw after;gah why front;2026-03-25T10:08:55;2026-03-24T21:35:39
8;finally ideal;row;2026-03-24T23:06:52;2026-03-25T02:45:59
9;apt;pulp;2026-03-24T23:43:28;2026-03-25T00:41:48
10;meager;pfft almost;2026-03-24T20:48:37;2026-03-25T15:51:03
11;giant quicker;imaginative sniff;2026-03-25T08:10:28;2026-03-25T15:18:56
12;snoopy;salty duh silky;2026-03-25T12:22:12;2026-03-25T00:04:15
13;forenenst confusion along;throughout roadway;2026-03-25T05:32:38;2026-03-25T01:04:22
14;peony though;huzzah er never;2026-03-25T19:55:13;2026-03-24T21:04:12
15;speedily arid traditionalism;putrid;2026-03-25T00:56:03;2026-03-25T09:23:32
16;hastily;extremely even sour;2026-03-25T14:45:03;2026-03-25T06:48:39
17;marimba weird thunderbolt;yippee well geez;2026-03-25T09:27:05;2026-03-25T14:13:27
18;fortunately drat;blah;2026-03-24T20:21:09;2026-03-25T08:56:34
19;uh-huh;gripping jell excluding;2026-03-24T22:47:39;2026-03-25T07:53:16
20;flame;hm;2026-03-25T04:36:10;2026-03-25T17:46:24
21;hard-to-find stranger against;often spear closely;2026-03-25T05:05:24;2026-03-25T01:53:03
22;suspiciously hunt;brr inwardly;2026-03-25T05:10:22;2026-03-25T07:40:23
23;why;lace;2026-03-24T22:24:48;2026-03-25T06:20:32
24;birdcage;furthermore longingly;2026-03-25T14:43:40;2026-03-24T22:20:24
25;slowly;vastly militate effector;2026-03-25T07:51:55;2026-03-25T18:59:03
26;gestate drowse;including other;2026-03-25T15:15:54;2026-03-25T04:38:59
27;shyly;dally gadzooks despite;2026-03-25T19:56:19;2026-03-24T21:51:32
28;yahoo;near ah;2026-03-25T11:31:59;2026-03-25T13:01:04
29;considering;content pish configuration;2026-03-24T22:34:51;2026-03-25T04:46:37
30;hence plus toward;between gloss rectangular;2026-03-25T03:13:53;2026-03-25T08:59:26
